#{"t_start": 1777999687.29931, "env_id": "GenMolRL-MoleculeDesign-v0"}
r,l,t
-1.243861,2,3.523848
-1.0,1,3.683586
0.0,1,3.739844
