set,n_molecules,mean_templates,median_templates,std_templates,min_templates,max_templates,p25,p75,p95,frac_with_any_template,frac_with_5+_templates,frac_with_10+_templates
new_data/train,127104,6.405431772406848,6.0,3.7548278861433175,2,28,4.0,9.0,13.0,1.0,0.607754279959718,0.21128367321248742
new_data/val,2000,6.298,6.0,3.6477658916109186,2,23,4.0,8.0,13.0,1.0,0.605,0.1935
uni/train,50756,8.990602096303885,8.0,3.551204197045301,2,28,6.0,12.0,15.0,1.0,0.9156946961935535,0.41855150130033886
uni/val,12689,8.961226258964457,8.0,3.5062840957026022,3,28,6.0,11.0,15.0,1.0,0.9175663960911026,0.4165812908818662
opt2_train_pool,116415,6.125009663703131,5.0,3.6730645876272114,2,28,4.0,8.0,13.0,1.0,0.5739380664003779,0.18860112528454237
